[
  {
    "assessment": "Quiz 1 - Revision",
    "dueDate": "10 Mar 2025",
    "percentage": "2"
  },
  {
    "assessment": "Quiz 2 - Asynchronous Requests",
    "dueDate": "24 Mar 2025",
    "percentage": "2"
  },
  {
    "assessment": "Quiz 3 - JavaScript Objects",
    "dueDate": "07 Apr 2025",
    "percentage": "2"
  },
  {
    "assessment": "Quiz 4 - Node.js",
    "dueDate": "05 May 2025",
    "percentage": "2"
  },
  {
    "assessment": "Quiz 5 - React",
    "dueDate": "26 May 2025",
    "percentage": "2"
  },
  {
    "assessment": "Assignment One",
    "dueDate": "24 Mar 2025",
    "percentage": "20"
  },
  {
    "assessment": "Assignment Two",
    "dueDate": "28 Apr 2025",
    "percentage": "25"
  },
  {
    "assessment": "Assignment Three",
    "dueDate": "19 May 2025",
    "percentage": "20"
  },
  {
    "assessment": "Assignment Four",
    "dueDate": "09 Jun 2025",
    "percentage": "25"
  }
]