[
  {
    "assessment": "Assignment One: Linked List (15%)",
    "dueDate": "28 Mar 2025",
    "percentage": "14.85"
  },
  {
    "assessment": "Assignment Two: Binary Search Tree (15%)",
    "dueDate": "18 Apr 2025",
    "percentage": "14.85"
  },
  {
    "assessment": "Test One (15%)",
    "dueDate": "",
    "percentage": "14.85"
  },
  {
    "assessment": "Test Two (15%)",
    "dueDate": "",
    "percentage": "14.85"
  },
  {
    "assessment": "Tutorial One",
    "dueDate": "",
    "percentage": "0.99"
  },
  {
    "assessment": "Tutorial Two",
    "dueDate": "",
    "percentage": "0.99"
  },
  {
    "assessment": "Tutorial Three",
    "dueDate": "",
    "percentage": "0.99"
  },
  {
    "assessment": "Tutorial Four",
    "dueDate": "",
    "percentage": "0.99"
  },
  {
    "assessment": "Tutorial Five",
    "dueDate": "",
    "percentage": "0.99"
  },
  {
    "assessment": "Tutorial Six",
    "dueDate": "",
    "percentage": "0.99"
  },
  {
    "assessment": "Tutorial Seven",
    "dueDate": "",
    "percentage": "0.99"
  },
  {
    "assessment": "Tutorial Eight",
    "dueDate": "",
    "percentage": "0.99"
  },
  {
    "assessment": "Tutorial Nine",
    "dueDate": "",
    "percentage": "0.99"
  },
  {
    "assessment": "Tutorial Ten",
    "dueDate": "",
    "percentage": "0.99"
  },
  {
    "assessment": "COMPX241 (Smoke and Mirrors) Group Presentation (5%)",
    "dueDate": "04 Jun 2025",
    "percentage": "4.95"
  },
  {
    "assessment": "COMPX241 (Smoke and Mirrors) Group Report (10%)",
    "dueDate": "06 Jun 2025",
    "percentage": "9.9"
  },
  {
    "assessment": "COMPX241 (Smoke and Mirrors) Individual Report and Journal (15%)",
    "dueDate": "06 Jun 2025",
    "percentage": "14.85"
  }
]