[
  {
    "assessment": "Assignment 1",
    "dueDate": "23 Apr 2025",
    "percentage": "24"
  },
  {
    "assessment": "Assignment 2",
    "dueDate": "17 Jun 2025",
    "percentage": "24"
  },
  {
    "assessment": "Test 1",
    "dueDate": "17 Mar 2025",
    "percentage": "20"
  },
  {
    "assessment": "Test 2",
    "dueDate": "07 Apr 2025",
    "percentage": "20"
  },
  {
    "assessment": "Quiz 1",
    "dueDate": "28 Feb 2025",
    "percentage": "2"
  },
  {
    "assessment": "Quiz 2",
    "dueDate": "07 Mar 2025",
    "percentage": "2"
  },
  {
    "assessment": "Quiz 3",
    "dueDate": "14 Mar 2025",
    "percentage": "2"
  },
  {
    "assessment": "Quiz 4",
    "dueDate": "21 Mar 2025",
    "percentage": "2"
  },
  {
    "assessment": "Quiz 5",
    "dueDate": "28 Mar 2025",
    "percentage": "2"
  },
  {
    "assessment": "Quiz 6",
    "dueDate": "04 Apr 2025",
    "percentage": "2"
  }
]