[
  {
    "assessment": "Quiz 1",
    "dueDate": "03 Mar 2025",
    "percentage": "1"
  },
  {
    "assessment": "Quiz 2",
    "dueDate": "10 Mar 2025",
    "percentage": "1"
  },
  {
    "assessment": "Quiz 3",
    "dueDate": "17 Mar 2025",
    "percentage": "1"
  },
  {
    "assessment": "Quiz 4",
    "dueDate": "28 Mar 2025",
    "percentage": "1"
  },
  {
    "assessment": "Quiz 5",
    "dueDate": "04 Apr 2025",
    "percentage": "1"
  },
  {
    "assessment": "Quiz 6",
    "dueDate": "11 Apr 2025",
    "percentage": "1"
  },
  {
    "assessment": "Quiz 7",
    "dueDate": "02 May 2025",
    "percentage": "1"
  },
  {
    "assessment": "Quiz 8",
    "dueDate": "16 May 2025",
    "percentage": "1"
  },
  {
    "assessment": "Quiz 9",
    "dueDate": "23 May 2025",
    "percentage": "1"
  },
  {
    "assessment": "Quiz 10",
    "dueDate": "23 May 2025",
    "percentage": "1"
  },
  {
    "assessment": "Quiz 11",
    "dueDate": "30 May 2025",
    "percentage": "1"
  },
  {
    "assessment": "Quiz 12",
    "dueDate": "06 Jun 2025",
    "percentage": "1"
  },
  {
    "assessment": "Project Brief 5%",
    "dueDate": "17 Mar 2025",
    "percentage": "5"
  },
  {
    "assessment": "Design for Environment Analysis 15%",
    "dueDate": "31 Mar 2025",
    "percentage": "15"
  },
  {
    "assessment": "Life Cycle Assessment 25%",
    "dueDate": "05 May 2025",
    "percentage": "25"
  },
  {
    "assessment": "Environmental Impact Assessment 20%",
    "dueDate": "26 May 2025",
    "percentage": "20"
  },
  {
    "assessment": "Risk and Resilience Analysis 15%",
    "dueDate": "06 Jun 2025",
    "percentage": "15"
  },
  {
    "assessment": "Peer Assessment 10%",
    "dueDate": "16 Jun 2025",
    "percentage": "10"
  }
]