[
  {
    "event": "Lecture 1",
    "day": "Wed",
    "startTime": "16:00",
    "endTime": "17:00",
    "location": "L.G.03"
  },
  {
    "event": "Lecture 2",
    "day": "Thu",
    "startTime": "13:00",
    "endTime": "14:00",
    "location": "L.G.01"
  },
  {
    "event": "Lecture 3",
    "day": "Fri",
    "startTime": "14:00",
    "endTime": "15:00",
    "location": "L.G.03"
  },
  {
    "event": "Tutorial 1 A",
    "day": "Mon",
    "startTime": "15:00",
    "endTime": "16:00",
    "location": "D.2.09 / D.2.13"
  },
  {
    "event": "Tutorial 1 B",
    "day": "Mon",
    "startTime": "10:00",
    "endTime": "11:00",
    "location": "TC.2.68"
  },
  {
    "event": "Tutorial 1 C",
    "day": "Mon",
    "startTime": "16:00",
    "endTime": "17:00",
    "location": "K.B.07"
  },
  {
    "event": "Tutorial 1 D",
    "day": "Wed",
    "startTime": "09:00",
    "endTime": "10:00",
    "location": "I.1.05"
  },
  {
    "event": "Tutorial 1 E",
    "day": "Wed",
    "startTime": "10:00",
    "endTime": "11:00",
    "location": "I.G.02"
  },
  {
    "event": "Tutorial 1 F",
    "day": "Wed",
    "startTime": "14:00",
    "endTime": "15:00",
    "location": "J.B.07"
  }
]