[
  {
    "event": "Lecture 1",
    "day": "Mon",
    "startTime": "10:00",
    "endTime": "11:00",
    "location": "MSB.1.05"
  },
  {
    "event": "Lecture 2",
    "day": "Tue",
    "startTime": "14:00",
    "endTime": "15:00",
    "location": "S.G.01"
  },
  {
    "event": "Lecture 3",
    "day": "Thu",
    "startTime": "12:00",
    "endTime": "13:00",
    "location": "MSB.1.05"
  },
  {
    "event": "Laboratory 1 A",
    "day": "Tue",
    "startTime": "12:00",
    "endTime": "13:00",
    "location": "R.G.07"
  },
  {
    "event": "Laboratory 1 B",
    "day": "Thu",
    "startTime": "16:00",
    "endTime": "17:00",
    "location": "R.G.07"
  },
  {
    "event": "Laboratory 1 C",
    "day": "Thu",
    "startTime": "13:00",
    "endTime": "14:00",
    "location": "R.G.07"
  }
]