[
  {
    "event": "Lecture 1",
    "day": "Mon",
    "startTime": "13:00",
    "endTime": "14:00",
    "location": "S.1.04"
  },
  {
    "event": "Lecture 2",
    "day": "Wed",
    "startTime": "16:00",
    "endTime": "17:00",
    "location": "L.G.02"
  },
  {
    "event": "Lecture 3",
    "day": "Fri",
    "startTime": "14:00",
    "endTime": "15:00",
    "location": "L.G.02"
  },
  {
    "event": "Tutorial 1 A 10 APRIL & MAY 22 & 29",
    "day": "Thu",
    "startTime": "14:00",
    "endTime": "15:00",
    "location": "K.B.01"
  },
  {
    "event": "Tutorial 1 A MARCH 06 & 13 ONLY",
    "day": "Thu",
    "startTime": "14:00",
    "endTime": "15:00",
    "location": "K.G.11"
  },
  {
    "event": "Tutorial 2 A",
    "day": "Wed",
    "startTime": "15:00",
    "endTime": "16:00",
    "location": "TA.2.02"
  },
  {
    "event": "Tutorial 1 A",
    "day": "Thu",
    "startTime": "14:00",
    "endTime": "15:00",
    "location": "PAA.G.30"
  },
  {
    "event": "Tutorial 2 B",
    "day": "Wed",
    "startTime": "14:00",
    "endTime": "15:00",
    "location": "TA.2.02"
  },
  {
    "event": "Tutorial 1 B",
    "day": "Fri",
    "startTime": "13:00",
    "endTime": "14:00",
    "location": "I.1.08"
  },
  {
    "event": "Tutorial 1 C",
    "day": "Mon",
    "startTime": "16:00",
    "endTime": "17:00",
    "location": "J.2.18"
  },
  {
    "event": "Tutorial 1 D",
    "day": "Thu",
    "startTime": "12:00",
    "endTime": "13:00",
    "location": "I.1.08"
  },
  {
    "event": "Tutorial 1 E",
    "day": "Fri",
    "startTime": "09:00",
    "endTime": "10:00",
    "location": "TA.2.06"
  },
  {
    "event": "Tutorial 1 F",
    "day": "Fri",
    "startTime": "12:00",
    "endTime": "13:00",
    "location": "I.1.08"
  }
]